{"Labels": [], "train/box_loss": 0.0634455606341362, "train/obj_loss": 0.30441728234291077, "train/cls_loss": 0.02051190286874771, "metrics/precision": 0.0025223663637205717, "metrics/recall": 0.038654934003771214, "metrics/mAP_0.5": 0.0011869811995175784, "metrics/mAP_0.5:0.95": 0.0002036677508551692, "val/box_loss": 0.08399190753698349, "val/obj_loss": 0.05290244147181511, "val/cls_loss": 0.027828073129057884, "x/lr0": 0.0002512110507961216, "x/lr1": 0.0002512110507961216, "x/lr2": 0.07535121105079612, "_timestamp": 1650471008, "_runtime": 297, "_step": 50, "Mosaics": {"_type": "images/separated", "width": 1920, "height": 1920, "format": "jpg", "count": 3, "filenames": ["media/images/Mosaics_2_b3276f375c0a4a3abad7.jpg", "media/images/Mosaics_2_0f8c8ac1ba36e5604b52.jpg", "media/images/Mosaics_2_e0e9b2194d86ba2b19c5.jpg"], "captions": ["train_batch0.jpg", "train_batch1.jpg", "train_batch2.jpg"]}, "BoundingBoxDebugger": {"_type": "images/separated", "width": 672, "height": 672, "format": "png", "count": 16, "filenames": ["media/images/BoundingBoxDebugger_49_39670e8d28a6bc1693c6.png", "media/images/BoundingBoxDebugger_49_9b89abeb5bf41e76d5cb.png", "media/images/BoundingBoxDebugger_49_427cd03931335027fc83.png", "media/images/BoundingBoxDebugger_49_ff758e004c40ad7aea81.png", "media/images/BoundingBoxDebugger_49_10ac3bcbcd82974b069a.png", "media/images/BoundingBoxDebugger_49_b6c6f5fd4089ef8e84e3.png", "media/images/BoundingBoxDebugger_49_dae5a9e972075d4999ea.png", "media/images/BoundingBoxDebugger_49_49f47c45679ecfca78b3.png", "media/images/BoundingBoxDebugger_49_fccc2e53fa5698583e60.png", "media/images/BoundingBoxDebugger_49_0aa1e178cbeb2dc8c396.png", "media/images/BoundingBoxDebugger_49_82ecafa08430d8eb717a.png", "media/images/BoundingBoxDebugger_49_a165a03db8ae507f89e6.png", "media/images/BoundingBoxDebugger_49_f1c8e589eaeebb87d422.png", "media/images/BoundingBoxDebugger_49_18242efb4bd106cecb22.png", "media/images/BoundingBoxDebugger_49_79443f5ddeab945a9d94.png", "media/images/BoundingBoxDebugger_49_329e14d858d7574071fe.png"], "captions": ["IS20191111_161011_0377_0000387B.jpg", "Unknown-X-20200206-101010-XGRJ66+N4ZRQ-3.jpg", "Unknown-X-20200221-120712-XRBESMOXZEV7-3.jpg", "IS20191125_105634_0062_000039C9.jpg", "Unknown-X-20200206-103145-XGYENCEPQD41-3.jpg", "Unknown-X-20200225-103722-XSNFS9NRWHUW-3.jpg", "Unknown-X-20200207-111448-XMFGZGHVZXBO-3.jpg", "Unknown-X-20200128-125352-XHUIDRHZZXXF-3.jpg", "Unknown-X-20200214-161301-XI2D+7DLVNIX-3.jpg", "Unknown-X-20200221-104627-XRGAE3BPTSI4-3.jpg", "Unknown-X-20191217-084358-XQKK52WLJONL-3.jpg", "Unknown-X-20191113-094338-X9SZC0TUBDEN-3.jpg", "Unknown-X-20191220-105600-XL4G9IEHA2XS-3.jpg", "Unknown-X-20200206-104825-XBP08TIHXAEK-3.jpg", "Unknown-X-20191213-152551-XM6GWNOIPWXD-3.jpg", "Unknown-X-20191119-084034-XKT545WVTDVB-3.jpg"], "all_boxes": [{"predictions": {"_type": "boxes2D", "path": "media/metadata/boxes2D/BoundingBoxDebugger_49_7d7ddf03aac0503da9c0.boxes2D.json", "sha256": "7d7ddf03aac0503da9c09f321bfa252eadb93a14b459b3ea9d3febbd301620fa", "size": 16905}}, {"predictions": {"_type": "boxes2D", "path": "media/metadata/boxes2D/BoundingBoxDebugger_49_02cb7a073b9d6a6d0931.boxes2D.json", "sha256": "02cb7a073b9d6a6d0931cb7eec534db8eedc363734b8100f09ed602ca543a88e", "size": 38472}}, {"predictions": {"_type": "boxes2D", "path": "media/metadata/boxes2D/BoundingBoxDebugger_49_5a8225191bd11d87af1c.boxes2D.json", "sha256": "5a8225191bd11d87af1c377cafc1117ec53b8d953a008027e65828a8482a144c", "size": 16720}}, {"predictions": {"_type": "boxes2D", "path": "media/metadata/boxes2D/BoundingBoxDebugger_49_e67558607d2828e543d7.boxes2D.json", "sha256": "e67558607d2828e543d7099476e8f52ed79eaffc0bede4ed29d9c9a21c730b8b", "size": 3752}}, {"predictions": {"_type": "boxes2D", "path": "media/metadata/boxes2D/BoundingBoxDebugger_49_61e3bd6e62b178a90187.boxes2D.json", "sha256": "61e3bd6e62b178a9018763f9d68de186f902446e716e781c783e512e8df225c9", "size": 22512}}, {"predictions": {"_type": "boxes2D", "path": "media/metadata/boxes2D/BoundingBoxDebugger_49_5d93662f1969b564ac7c.boxes2D.json", "sha256": "5d93662f1969b564ac7cfc61a44cb808e53efc1d6c02d7f4f6c50af4c74393f1", "size": 47736}}, {"predictions": {"_type": "boxes2D", "path": "media/metadata/boxes2D/BoundingBoxDebugger_49_b22e3a5a198c83498a37.boxes2D.json", "sha256": "b22e3a5a198c83498a37701b2034398a3785fd7a5097c44461b30acd5c46c8e9", "size": 270}}, {"predictions": {"_type": "boxes2D", "path": "media/metadata/boxes2D/BoundingBoxDebugger_49_5b4f6147a08e3fb71ced.boxes2D.json", "sha256": "5b4f6147a08e3fb71cedbc66166b98506b1306a1eaccbde5455c7392d5f58b81", "size": 32851}}, {"predictions": {"_type": "boxes2D", "path": "media/metadata/boxes2D/BoundingBoxDebugger_49_4d1c6affb5d8dfbd4794.boxes2D.json", "sha256": "4d1c6affb5d8dfbd47946076895e44cea0047fcfb695b1b19f709df49878610a", "size": 456}}, {"predictions": {"_type": "boxes2D", "path": "media/metadata/boxes2D/BoundingBoxDebugger_49_c08d30184ecddc77916b.boxes2D.json", "sha256": "c08d30184ecddc77916bcbbfd2a5ddd32288acda33129bacd2f04f44a76cba24", "size": 6874}}, {"predictions": {"_type": "boxes2D", "path": "media/metadata/boxes2D/BoundingBoxDebugger_49_0300a800bf17af2c50b6.boxes2D.json", "sha256": "0300a800bf17af2c50b62a0640ee6b19b6f3d36f5fe94fa6e1f024968c46851b", "size": 11639}}, {"predictions": {"_type": "boxes2D", "path": "media/metadata/boxes2D/BoundingBoxDebugger_49_f73593c391149513aba9.boxes2D.json", "sha256": "f73593c391149513aba9dda48803e7a786f70ab5f596a02fb6d93f836bbc51ef", "size": 84136}}, {"predictions": {"_type": "boxes2D", "path": "media/metadata/boxes2D/BoundingBoxDebugger_49_fd0931858b0c043c506f.boxes2D.json", "sha256": "fd0931858b0c043c506fc8cfa335d95ea1fa92c777601df227ebc2242ab6f29b", "size": 2831}}, {"predictions": {"_type": "boxes2D", "path": "media/metadata/boxes2D/BoundingBoxDebugger_49_00b00d02b290296426ed.boxes2D.json", "sha256": "00b00d02b290296426ed47a8c3d83dde10ed5b8577709bed48575863f006ea72", "size": 29500}}, {"predictions": {"_type": "boxes2D", "path": "media/metadata/boxes2D/BoundingBoxDebugger_49_0c7dca7b03bc6a717807.boxes2D.json", "sha256": "0c7dca7b03bc6a717807b510b2ac2d4bae67496b57e80cd5941b622ab4f0b084", "size": 6531}}, {"predictions": {"_type": "boxes2D", "path": "media/metadata/boxes2D/BoundingBoxDebugger_49_832c3bbb5e52f2aebaaf.boxes2D.json", "sha256": "832c3bbb5e52f2aebaaf79e0c93845164184e313f5826dfb76a13e10ce7a0f05", "size": 6932}}]}, "Validation": {"_type": "images/separated", "width": 1920, "height": 1920, "format": "jpg", "count": 2, "filenames": ["media/images/Validation_50_1c979a38b276b65b5eb7.jpg", "media/images/Validation_50_756955cba5aa3f156023.jpg"], "captions": ["val_batch0_labels.jpg", "val_batch0_pred.jpg"]}, "Results": {"_type": "images/separated", "width": 2400, "height": 1200, "format": "png", "count": 6, "filenames": ["media/images/Results_50_6852f84b4c4a1abd3f3b.png", "media/images/Results_50_55b0951a272472c70524.png", "media/images/Results_50_8a063e56808f584410f7.png", "media/images/Results_50_9d8bd9ec40d1739f0c73.png", "media/images/Results_50_6005d345f19f3af4b7d1.png", "media/images/Results_50_7217c3eefbd3271b7032.png"], "captions": ["results.png", "confusion_matrix.png", "F1_curve.png", "PR_curve.png", "P_curve.png", "R_curve.png"]}, "_wandb": {"runtime": 296}}