{"Labels": [], "train/box_loss": 0.03713409602642059, "train/obj_loss": 0.09668471664190292, "train/cls_loss": 0.006164975464344025, "metrics/precision": 0.0, "metrics/recall": 0.0, "metrics/mAP_0.5": 0.0, "metrics/mAP_0.5:0.95": 0.0, "val/box_loss": 0.10505165904760361, "val/obj_loss": 0.058143168687820435, "val/cls_loss": 0.027231788262724876, "x/lr0": 3.98580646236606e-05, "x/lr1": 3.98580646236606e-05, "x/lr2": 0.09963985806462367, "_timestamp": 1652192191, "_runtime": 10126, "_step": 4, "_wandb": {"runtime": 11280}}