{"Labels": {"_type": "images/separated", "width": 2000, "height": 2000, "format": "jpg", "count": 2, "filenames": ["media/images/Labels_0_0.jpg", "media/images/Labels_0_1.jpg"], "captions": ["labels_correlogram.jpg", "labels.jpg"]}, "train/box_loss": 0.11102484911680222, "train/obj_loss": 0.040545813739299774, "train/cls_loss": 0.027467338368296623, "metrics/precision": 0.0, "metrics/recall": 0.0, "metrics/mAP_0.5": 0.0, "metrics/mAP_0.5:0.95": 0.0, "val/box_loss": 0.10654071718454361, "val/obj_loss": 0.05686059594154358, "val/cls_loss": 0.027207601815462112, "x/lr0": 1.8281152949374527e-05, "x/lr1": 1.8281152949374527e-05, "x/lr2": 0.09981828115294938, "_timestamp": 1655204318, "_runtime": 1036, "_step": 2}