{"Labels": [], "Mosaics": {"_type": "images/separated", "width": 1920, "height": 1920, "format": "jpg", "count": 3, "filenames": ["media/images/Mosaics_0_035d24a0accec62bd1e0.jpg", "media/images/Mosaics_0_79daa96a29d5721116b3.jpg", "media/images/Mosaics_0_457b826c3c86eb4e0a7e.jpg"], "captions": ["train_batch0.jpg", "train_batch1.jpg", "train_batch2.jpg"]}, "train/box_loss": 0.07426097989082336, "train/obj_loss": 0.39404600858688354, "train/cls_loss": 0.0217861570417881, "metrics/precision": 0.0, "metrics/recall": 0.0, "metrics/mAP_0.5": 0.0, "metrics/mAP_0.5:0.95": 0.0, "val/box_loss": 0.07071645557880402, "val/obj_loss": 0.07860365509986877, "val/cls_loss": 0.027221426367759705, "x/lr0": 0.0011500000000000002, "x/lr1": 0.0011500000000000002, "x/lr2": 0.08965000000000001, "_timestamp": 1651677326, "_runtime": 191, "_step": 0}