{"Labels": {"_type": "images/separated", "width": 2000, "height": 2000, "format": "jpg", "count": 2, "filenames": ["media/images/Labels_0_0.jpg", "media/images/Labels_0_1.jpg"], "captions": ["labels_correlogram.jpg", "labels.jpg"]}, "train/box_loss": 0.11173323541879654, "train/obj_loss": 0.04027221351861954, "train/cls_loss": 0.02753613330423832, "metrics/precision": 0.5011519627929754, "metrics/recall": 0.125, "metrics/mAP_0.5": 0.0014812537908276372, "metrics/mAP_0.5:0.95": 0.00028135158049078337, "val/box_loss": 0.10707439482212067, "val/obj_loss": 0.05660007894039154, "val/cls_loss": 0.027210136875510216, "x/lr0": 0.0, "x/lr1": 0.0, "x/lr2": 0.1, "BoundingBoxDebugger": {"_type": "images/separated", "width": 672, "height": 512, "format": "png", "count": 2, "filenames": ["media/images/BoundingBoxDebugger_0_0.png", "media/images/BoundingBoxDebugger_0_1.png"], "captions": ["IS20180614_161235_0835_000000CD.Jonathan.jpg", "IS20190716_144902_0220_000026F3.Jonathan.jpg"], "all_boxes": [{"predictions": {"_type": "boxes2D", "path": "media/metadata/boxes2D/BoundingBoxDebugger_0_00.boxes2D.json", "sha256": "e0198a87c78600887dbf1fa77d630668155d665a5f013e2a7e06e5bb11e90685", "size": 349760}}, {"predictions": {"_type": "boxes2D", "path": "media/metadata/boxes2D/BoundingBoxDebugger_0_10.boxes2D.json", "sha256": "5dc2c9a834689de5c57acf1cfb86e0b9c537ec651894215b8def97566b4ab16d", "size": 346429}}]}, "_timestamp": 1655241740, "_runtime": 396, "_step": 0, "_wandb": {"runtime": 534}}