{"Labels": [], "Mosaics": {"_type": "images/separated", "width": 1920, "height": 1920, "format": "jpg", "count": 3, "filenames": ["media/images/Mosaics_0_035d24a0accec62bd1e0.jpg", "media/images/Mosaics_0_79daa96a29d5721116b3.jpg", "media/images/Mosaics_0_457b826c3c86eb4e0a7e.jpg"], "captions": ["train_batch0.jpg", "train_batch1.jpg", "train_batch2.jpg"]}, "train/box_loss": 0.06315164268016815, "train/obj_loss": 0.4592479467391968, "train/cls_loss": 0.02126413583755493, "metrics/precision": 0.00552487379425731, "metrics/recall": 0.29835481351298576, "metrics/mAP_0.5": 0.0037854721295316777, "metrics/mAP_0.5:0.95": 0.0008058495528781494, "val/box_loss": 0.07128118723630905, "val/obj_loss": 0.10325496643781662, "val/cls_loss": 0.02738763764500618, "x/lr0": 0.0010009869243631953, "x/lr1": 0.0010009869243631953, "x/lr2": 0.0010009869243631953, "_timestamp": 1651715486, "_runtime": 33668, "_step": 300, "BoundingBoxDebugger": {"_type": "images/separated", "width": 672, "height": 512, "format": "png", "count": 16, "filenames": ["media/images/BoundingBoxDebugger_299_9ca73313ed08b11f1c7a.png", "media/images/BoundingBoxDebugger_299_1a65121c0bc36d9590d0.png", "media/images/BoundingBoxDebugger_299_d41bd0523542c8b46e1a.png", "media/images/BoundingBoxDebugger_299_c284ee01dd876e421ea4.png", "media/images/BoundingBoxDebugger_299_28101c44ed3348006894.png", "media/images/BoundingBoxDebugger_299_bc789803f2afb0b4f41e.png", "media/images/BoundingBoxDebugger_299_a1e0eee359755358bdd6.png", "media/images/BoundingBoxDebugger_299_10551f89972ae31def23.png", "media/images/BoundingBoxDebugger_299_f037ac709bb23b19fe76.png", "media/images/BoundingBoxDebugger_299_92e162413c6f1a946448.png", "media/images/BoundingBoxDebugger_299_b02cc0619e1cd9c2ecaa.png", "media/images/BoundingBoxDebugger_299_e1d00eea0a96d0953ec9.png", "media/images/BoundingBoxDebugger_299_a784509a1715e1a5c5c0.png", "media/images/BoundingBoxDebugger_299_6cb5a6b47c4f6664d6b2.png", "media/images/BoundingBoxDebugger_299_9ce2b237b1d64a2cdaa6.png", "media/images/BoundingBoxDebugger_299_e0a57548b3c6f4afc48c.png"], "captions": ["Unknown-X-20191231-081140-XYHK+V5PZZ-3.JPG", "Unknown-X-20200115-113036-XJHKQPXFXRHL-3.JPG", "Unknown-X-20200212-092135-XYWHNM2CPCKQ-3.JPG", "Unknown-X-20200206-101010-XGRJ66+N4ZRQ-3.JPG", "Unknown-X-20200212-114026-XK0G00VVV8FS-3.JPG", "Unknown-X-20200204-102126-XQLPPYTT0AD8-3.JPG", "Unknown-X-20200121-094246-XMG8BDFS7LK-3.JPG", "Unknown-X-20200226-092413-XOYPNGAY1FML-3.JPG", "Unknown-X-20200304-140905-X8CAKINBKWZR-3.JPG", "Unknown-X-20200224-100604-XBIDS3RSC2W-3.JPG", "Unknown-X-20200116-104151-XURV0XY7CLOU-3.JPG", "Unknown-X-20200303-155148-X+L5H7PDV+GJ-3.JPG", "Unknown-X-20200220-104453-XDTB7YHD9QJN-3.JPG", "Unknown-X-20200218-092542-XTXQCJRZ0NNF-3.JPG", "Unknown-X-20191114-081705-XVWBXTLDI+U5-3.JPG", "Unknown-X-20200228-122237-X9ZEEPG46CXF-3.JPG"], "all_boxes": [{"predictions": {"_type": "boxes2D", "path": "media/metadata/boxes2D/BoundingBoxDebugger_299_06fe315731c6130db500.boxes2D.json", "sha256": "06fe315731c6130db500ee380850fbeb6b0021f33a86bf1f945179998948d992", "size": 91547}}, {"predictions": {"_type": "boxes2D", "path": "media/metadata/boxes2D/BoundingBoxDebugger_299_61e5030149d295cf3cc1.boxes2D.json", "sha256": "61e5030149d295cf3cc1719a65a83207707b23459f2f072c8dd3e5f3b49f82d8", "size": 80342}}, {"predictions": {"_type": "boxes2D", "path": "media/metadata/boxes2D/BoundingBoxDebugger_299_db342d46e73f83e92896.boxes2D.json", "sha256": "db342d46e73f83e928968e7a5c0df8276f816d8ccdf510c6f60acc9b0db3ce82", "size": 90178}}, {"predictions": {"_type": "boxes2D", "path": "media/metadata/boxes2D/BoundingBoxDebugger_299_92d518a076f2d40dff56.boxes2D.json", "sha256": "92d518a076f2d40dff561ba1f7c0ad73305e1f743631bdd602d7f4705bd1e8af", "size": 88298}}, {"predictions": {"_type": "boxes2D", "path": "media/metadata/boxes2D/BoundingBoxDebugger_299_7fcde59af58f0ad970bd.boxes2D.json", "sha256": "7fcde59af58f0ad970bdfed05de1eb0d4c6dc954dd6e184c98c43e644d50a813", "size": 77130}}, {"predictions": {"_type": "boxes2D", "path": "media/metadata/boxes2D/BoundingBoxDebugger_299_32d5d21d9d044e63236c.boxes2D.json", "sha256": "32d5d21d9d044e63236c4296f9986e80f4a5451adeb8effab2dfcea8864e5444", "size": 81475}}, {"predictions": {"_type": "boxes2D", "path": "media/metadata/boxes2D/BoundingBoxDebugger_299_e5e814ac0c29e462c9e2.boxes2D.json", "sha256": "e5e814ac0c29e462c9e25a22f48a5b8e41b18b49d81dbd22c1074ecea77fb1b9", "size": 86475}}, {"predictions": {"_type": "boxes2D", "path": "media/metadata/boxes2D/BoundingBoxDebugger_299_0224fa7cedf46c5f9290.boxes2D.json", "sha256": "0224fa7cedf46c5f92904b105588706da3de6e9ec8d5e4243265db8d6a04e2e6", "size": 77442}}, {"predictions": {"_type": "boxes2D", "path": "media/metadata/boxes2D/BoundingBoxDebugger_299_5fde87ed323a04e6c7b1.boxes2D.json", "sha256": "5fde87ed323a04e6c7b1e3183f7380b2fa9836ffad917ee41dddfed2157e0ca8", "size": 73788}}, {"predictions": {"_type": "boxes2D", "path": "media/metadata/boxes2D/BoundingBoxDebugger_299_a28d112ab86dbf684efc.boxes2D.json", "sha256": "a28d112ab86dbf684efc4e9bf97878a3a1a52e11950a8397ad0e98b7f7f30393", "size": 80313}}, {"predictions": {"_type": "boxes2D", "path": "media/metadata/boxes2D/BoundingBoxDebugger_299_7ae0f0611037053c87d1.boxes2D.json", "sha256": "7ae0f0611037053c87d1864555b33878e02844c722083188cbec79c7bc295eb8", "size": 90524}}, {"predictions": {"_type": "boxes2D", "path": "media/metadata/boxes2D/BoundingBoxDebugger_299_6a0b7a6c05292dfce030.boxes2D.json", "sha256": "6a0b7a6c05292dfce0305b0a26be96a93bfe0c948387d116dc09bdf1f2446c0b", "size": 69435}}, {"predictions": {"_type": "boxes2D", "path": "media/metadata/boxes2D/BoundingBoxDebugger_299_a8550f46d0b3f1b18880.boxes2D.json", "sha256": "a8550f46d0b3f1b188803bd39fcc25e8bee0e5df7821cb46041c07d613de55d3", "size": 88729}}, {"predictions": {"_type": "boxes2D", "path": "media/metadata/boxes2D/BoundingBoxDebugger_299_68e133e1e77ffccc5840.boxes2D.json", "sha256": "68e133e1e77ffccc584041f1b7d06519c9eb205a1151548d82ac4385157e9a56", "size": 78507}}, {"predictions": {"_type": "boxes2D", "path": "media/metadata/boxes2D/BoundingBoxDebugger_299_e58a458fd149a805e8c4.boxes2D.json", "sha256": "e58a458fd149a805e8c4804e5b2118abc64627194955a24a06cd4c6ec53b0242", "size": 75631}}, {"predictions": {"_type": "boxes2D", "path": "media/metadata/boxes2D/BoundingBoxDebugger_299_911a74ce6b7494e962c1.boxes2D.json", "sha256": "911a74ce6b7494e962c195ea69374b11bf4472646e62ffd955f97e5a7618890d", "size": 83381}}]}, "Validation": {"_type": "images/separated", "width": 1920, "height": 1464, "format": "jpg", "count": 6, "filenames": ["media/images/Validation_300_a7f0e5042f250194ec46.jpg", "media/images/Validation_300_f6ef492522c73da4e125.jpg", "media/images/Validation_300_bdb9afd65aeb267ae936.jpg", "media/images/Validation_300_09c51461e5f4d75ef2e0.jpg", "media/images/Validation_300_f339a2dfabdfd9c5d75d.jpg", "media/images/Validation_300_36ec3574264a54087d33.jpg"], "captions": ["val_batch0_labels.jpg", "val_batch0_pred.jpg", "val_batch1_labels.jpg", "val_batch1_pred.jpg", "val_batch2_labels.jpg", "val_batch2_pred.jpg"]}, "Results": {"_type": "images/separated", "width": 2400, "height": 1200, "format": "png", "count": 6, "filenames": ["media/images/Results_300_ca3f1c38420d76cbbcc1.png", "media/images/Results_300_32dde11388f288fed86e.png", "media/images/Results_300_156c62de4dcc779e050e.png", "media/images/Results_300_d087648aab880a1541f0.png", "media/images/Results_300_e91cc08551136da08953.png", "media/images/Results_300_53714bfd4fdb0b6cdaf1.png"], "captions": ["results.png", "confusion_matrix.png", "F1_curve.png", "PR_curve.png", "P_curve.png", "R_curve.png"]}, "_wandb": {"runtime": 33667}}