{"Labels": {"_type": "images/separated", "width": 2000, "height": 2000, "format": "jpg", "count": 2, "filenames": ["media/images/Labels_0_0.jpg", "media/images/Labels_0_1.jpg"], "captions": ["labels_correlogram.jpg", "labels.jpg"]}, "train/box_loss": 0.11143960058689117, "train/obj_loss": 0.04038726165890694, "train/cls_loss": 0.027509653940796852, "metrics/precision": 0.0, "metrics/recall": 0.0, "metrics/mAP_0.5": 0.0, "metrics/mAP_0.5:0.95": 0.0, "val/box_loss": 0.10686545819044113, "val/obj_loss": 0.05669213458895683, "val/cls_loss": 0.02721419371664524, "x/lr0": 9.779754323328192e-06, "x/lr1": 9.779754323328192e-06, "x/lr2": 0.09990977975432333, "_timestamp": 1655202856, "_runtime": 2268, "_step": 1}