{"Labels": [], "Mosaics": {"_type": "images/separated", "width": 1920, "height": 1920, "format": "jpg", "count": 3, "filenames": ["media/images/Mosaics_0_f734fb4dd04751401a50.jpg", "media/images/Mosaics_0_2d6a43b61f22aa4871ef.jpg", "media/images/Mosaics_0_d6cebcf188191971a055.jpg"], "captions": ["train_batch0.jpg", "train_batch1.jpg", "train_batch2.jpg"]}, "train/box_loss": 0.01732008345425129, "train/obj_loss": 0.02285037562251091, "train/cls_loss": 0.000748702441342175, "metrics/precision": 0.22740587031566034, "metrics/recall": 0.05042797630671093, "metrics/mAP_0.5": 0.12646799900534728, "metrics/mAP_0.5:0.95": 0.03888190722223202, "val/box_loss": 0.07852853089570999, "val/obj_loss": 0.1517585664987564, "val/cls_loss": 0.011871477589011192, "x/lr0": 0.0010009869243631953, "x/lr1": 0.0010009869243631953, "x/lr2": 0.0010009869243631953, "_timestamp": 1651205049, "_runtime": 43490, "_step": 300, "BoundingBoxDebugger": {"_type": "images/separated", "width": 672, "height": 512, "format": "png", "count": 16, "filenames": ["media/images/BoundingBoxDebugger_299_9ca73313ed08b11f1c7a.png", "media/images/BoundingBoxDebugger_299_c284ee01dd876e421ea4.png", "media/images/BoundingBoxDebugger_299_bc789803f2afb0b4f41e.png", "media/images/BoundingBoxDebugger_299_a1e0eee359755358bdd6.png", "media/images/BoundingBoxDebugger_299_10551f89972ae31def23.png", "media/images/BoundingBoxDebugger_299_f037ac709bb23b19fe76.png", "media/images/BoundingBoxDebugger_299_92e162413c6f1a946448.png", "media/images/BoundingBoxDebugger_299_a784509a1715e1a5c5c0.png", "media/images/BoundingBoxDebugger_299_6cb5a6b47c4f6664d6b2.png", "media/images/BoundingBoxDebugger_299_6051f66c163303da5050.png", "media/images/BoundingBoxDebugger_299_5dbd1194a15b791d076d.png", "media/images/BoundingBoxDebugger_299_8bc6d951bdbe3bd86f51.png", "media/images/BoundingBoxDebugger_299_ea15789065ec228dbea2.png", "media/images/BoundingBoxDebugger_299_0f98745cc10c5d781ff1.png", "media/images/BoundingBoxDebugger_299_8c60167cbf2d1ab3e03a.png", "media/images/BoundingBoxDebugger_299_19ec5b78310c83b677a5.png"], "captions": ["Unknown-X-20191231-081140-XYHK+V5PZZ-3.JPG", "Unknown-X-20200206-101010-XGRJ66+N4ZRQ-3.JPG", "Unknown-X-20200204-102126-XQLPPYTT0AD8-3.JPG", "Unknown-X-20200121-094246-XMG8BDFS7LK-3.JPG", "Unknown-X-20200226-092413-XOYPNGAY1FML-3.JPG", "Unknown-X-20200304-140905-X8CAKINBKWZR-3.JPG", "Unknown-X-20200224-100604-XBIDS3RSC2W-3.JPG", "Unknown-X-20200220-104453-XDTB7YHD9QJN-3.JPG", "Unknown-X-20200218-092542-XTXQCJRZ0NNF-3.JPG", "Unknown-X-20200218-082044-XWPDHXRTWOJ9-3.JPG", "Unknown-X-20200303-163003-XWJGIIXCTRFV-3.JPG", "Unknown-X-20200214-145955-XZK8OS011WLG-3.JPG", "Unknown-X-20191113-083511-XOIPGRPEEHAS-3.JPG", "Unknown-X-20200116-093430-X+0MBHZZ5ZQQ-3.JPG", "Unknown-X-20200128-125428-XLWHJD4GMHNH-3.JPG", "Unknown-X-20200205-141023-X8CH3WUT55TB-3.JPG"], "all_boxes": [{"predictions": {"_type": "boxes2D", "path": "media/metadata/boxes2D/BoundingBoxDebugger_299_39676d4d8da621bde016.boxes2D.json", "sha256": "39676d4d8da621bde0161f1248948b23b61162eea2dbbf7f9fc14426279a31e1", "size": 268}}, {"predictions": {"_type": "boxes2D", "path": "media/metadata/boxes2D/BoundingBoxDebugger_299_77fec105ad7728c7c7f0.boxes2D.json", "sha256": "77fec105ad7728c7c7f082379116ed399481caa4d5c0b2879ead6b28bcb5c218", "size": 266}}, {"predictions": {"_type": "boxes2D", "path": "media/metadata/boxes2D/BoundingBoxDebugger_299_6d2507df81a4a2f3a416.boxes2D.json", "sha256": "6d2507df81a4a2f3a4165a213089ddf934f13d6314e32bdf0e0318dfca961497", "size": 264}}, {"predictions": {"_type": "boxes2D", "path": "media/metadata/boxes2D/BoundingBoxDebugger_299_2ea9778d7ae716143f31.boxes2D.json", "sha256": "2ea9778d7ae716143f3119c971e1fbe518029e62332405982c3972a0ec45a87d", "size": 463}}, {"predictions": {"_type": "boxes2D", "path": "media/metadata/boxes2D/BoundingBoxDebugger_299_c5140f52445b41d1a268.boxes2D.json", "sha256": "c5140f52445b41d1a26838dfd620d5a259716db7496dad245b9ed94f6d7121b6", "size": 465}}, {"predictions": {"_type": "boxes2D", "path": "media/metadata/boxes2D/BoundingBoxDebugger_299_3485d5b355c5b2a19bfb.boxes2D.json", "sha256": "3485d5b355c5b2a19bfb4ddb9bee06b0da65a7b20ff7d83bfd5c7f1e1166c9f3", "size": 464}}, {"predictions": {"_type": "boxes2D", "path": "media/metadata/boxes2D/BoundingBoxDebugger_299_b1dafad742bbfae3798b.boxes2D.json", "sha256": "b1dafad742bbfae3798bea6395a714095d272a630fe5ac14bde076b23a8e1b84", "size": 462}}, {"predictions": {"_type": "boxes2D", "path": "media/metadata/boxes2D/BoundingBoxDebugger_299_76003d166f6375b77438.boxes2D.json", "sha256": "76003d166f6375b77438fde7abc814457746fb1dfb585e49ffa33ecca9166c42", "size": 447}}, {"predictions": {"_type": "boxes2D", "path": "media/metadata/boxes2D/BoundingBoxDebugger_299_154b893adcf13ea827a3.boxes2D.json", "sha256": "154b893adcf13ea827a3556a013a0a9643c03a403e8fa47c199fe9814a036c6c", "size": 264}}, {"predictions": {"_type": "boxes2D", "path": "media/metadata/boxes2D/BoundingBoxDebugger_299_40dc933d88c6f486a6ad.boxes2D.json", "sha256": "40dc933d88c6f486a6ad5032980476c1d9afc15952aafe4951c363d84a520a50", "size": 266}}, {"predictions": {"_type": "boxes2D", "path": "media/metadata/boxes2D/BoundingBoxDebugger_299_17447cf934d62f6b04cf.boxes2D.json", "sha256": "17447cf934d62f6b04cfe3910e1bdd8ff2eb993cbc305b82b7b1688d27705e82", "size": 845}}, {"predictions": {"_type": "boxes2D", "path": "media/metadata/boxes2D/BoundingBoxDebugger_299_e2dffbe0929d18f7c193.boxes2D.json", "sha256": "e2dffbe0929d18f7c1937e1db3cb57f6932989e3e603a43cb2bb3ad64f141792", "size": 265}}, {"predictions": {"_type": "boxes2D", "path": "media/metadata/boxes2D/BoundingBoxDebugger_299_5fb5ec7bb2a1a9e73deb.boxes2D.json", "sha256": "5fb5ec7bb2a1a9e73deba9734f240f90c6ab0fa0cb4584262525e722689f3df5", "size": 274}}, {"predictions": {"_type": "boxes2D", "path": "media/metadata/boxes2D/BoundingBoxDebugger_299_9660c304fee744a979a9.boxes2D.json", "sha256": "9660c304fee744a979a95a2113c12f5e3baabfa694044524450aa160fadc497b", "size": 852}}, {"predictions": {"_type": "boxes2D", "path": "media/metadata/boxes2D/BoundingBoxDebugger_299_b8b348dac3f86eeef1df.boxes2D.json", "sha256": "b8b348dac3f86eeef1dfc03eaf0fa26f5120669ba79aa316a7a0885c0a8b2184", "size": 258}}, {"predictions": {"_type": "boxes2D", "path": "media/metadata/boxes2D/BoundingBoxDebugger_299_779790bcf2c8d2657cc0.boxes2D.json", "sha256": "779790bcf2c8d2657cc029b4a668dde6a21754d9c2ebd607da0f1e2de4f49d88", "size": 453}}]}, "Validation": {"_type": "images/separated", "width": 1920, "height": 1464, "format": "jpg", "count": 6, "filenames": ["media/images/Validation_300_a7f0e5042f250194ec46.jpg", "media/images/Validation_300_c23f377f7b37f05eb5d0.jpg", "media/images/Validation_300_bdb9afd65aeb267ae936.jpg", "media/images/Validation_300_6e523b5d909c8bb66a4b.jpg", "media/images/Validation_300_f339a2dfabdfd9c5d75d.jpg", "media/images/Validation_300_33fead9a6e816caa4406.jpg"], "captions": ["val_batch0_labels.jpg", "val_batch0_pred.jpg", "val_batch1_labels.jpg", "val_batch1_pred.jpg", "val_batch2_labels.jpg", "val_batch2_pred.jpg"]}, "Results": {"_type": "images/separated", "width": 2400, "height": 1200, "format": "png", "count": 6, "filenames": ["media/images/Results_300_d6b59cf9029dae91c008.png", "media/images/Results_300_bb1ed3a7a1d5a80b3047.png", "media/images/Results_300_82e961d0c6650675ea7a.png", "media/images/Results_300_3d5f3a11cfc0c812ae7e.png", "media/images/Results_300_b910aeb32968cff30640.png", "media/images/Results_300_c631e57ab122b9d918c8.png"], "captions": ["results.png", "confusion_matrix.png", "F1_curve.png", "PR_curve.png", "P_curve.png", "R_curve.png"]}, "_wandb": {"runtime": 43488}}