{"Labels": [], "train/box_loss": 0.0894157811999321, "train/obj_loss": 0.3243560791015625, "train/cls_loss": 0.021282969042658806, "metrics/precision": 0.0, "metrics/recall": 0.0, "metrics/mAP_0.5": 0.0, "metrics/mAP_0.5:0.95": 0.0, "val/box_loss": 0.09508947283029556, "val/obj_loss": 0.04849735647439957, "val/cls_loss": 0.02725658379495144, "x/lr0": 4.9500000000000004e-05, "x/lr1": 4.9500000000000004e-05, "x/lr2": 0.0991495, "_timestamp": 1650983598, "_runtime": 94, "_step": 2, "Validation": {"_type": "images/separated", "width": 1920, "height": 1920, "format": "jpg", "count": 2, "filenames": ["media/images/Validation_2_1c979a38b276b65b5eb7.jpg", "media/images/Validation_2_756955cba5aa3f156023.jpg"], "captions": ["val_batch0_labels.jpg", "val_batch0_pred.jpg"]}, "Results": {"_type": "images/separated", "width": 2400, "height": 1200, "format": "png", "count": 2, "filenames": ["media/images/Results_2_6507e7de61ec13bee4d1.png", "media/images/Results_2_979442cf6401216ed068.png"], "captions": ["results.png", "confusion_matrix.png"]}, "_wandb": {"runtime": 94}}