{"Labels": {"_type": "images/separated", "width": 2000, "height": 2000, "format": "jpg", "count": 2, "filenames": ["media/images/Labels_0_0.jpg", "media/images/Labels_0_1.jpg"], "captions": ["labels_correlogram.jpg", "labels.jpg"]}, "train/box_loss": 0.11173323541879654, "train/obj_loss": 0.04027221351861954, "train/cls_loss": 0.02753613330423832, "metrics/precision": 0.0, "metrics/recall": 0.0, "metrics/mAP_0.5": 0.0, "metrics/mAP_0.5:0.95": 0.0, "val/box_loss": 0.10707439482212067, "val/obj_loss": 0.05660007894039154, "val/cls_loss": 0.027210136875510216, "x/lr0": 0.0, "x/lr1": 0.0, "x/lr2": 0.1, "_timestamp": 1650971051, "_runtime": 100, "_step": 0, "_wandb": {"runtime": 107}}