{"Labels": [], "train/box_loss": 0.03732821345329285, "train/obj_loss": 0.09687425196170807, "train/cls_loss": 0.006165109109133482, "metrics/precision": 0.0, "metrics/recall": 0.0, "metrics/mAP_0.5": 0.0, "metrics/mAP_0.5:0.95": 0.0, "val/box_loss": 0.10564775764942169, "val/obj_loss": 0.057703204452991486, "val/cls_loss": 0.02723015286028385, "x/lr0": 2.994008652214158e-05, "x/lr1": 2.994008652214158e-05, "x/lr2": 0.09972994008652215, "_timestamp": 1652109761, "_runtime": 2661, "_step": 3}