{"Labels": [], "Mosaics": {"_type": "images/separated", "width": 1920, "height": 1920, "format": "jpg", "count": 3, "filenames": ["media/images/Mosaics_0_035d24a0accec62bd1e0.jpg", "media/images/Mosaics_0_3a948fdb56f7052978bc.jpg", "media/images/Mosaics_0_6b54f12025f7cbec72fb.jpg"], "captions": ["train_batch0.jpg", "train_batch1.jpg", "train_batch2.jpg"]}, "train/box_loss": 0.06151685118675232, "train/obj_loss": 0.446735680103302, "train/cls_loss": 0.022455042228102684, "metrics/precision": 0.0055217279703996085, "metrics/recall": 0.3282496908155959, "metrics/mAP_0.5": 0.003749282242711271, "metrics/mAP_0.5:0.95": 0.0008056836398675944, "val/box_loss": 0.07185152173042297, "val/obj_loss": 0.08162220567464828, "val/cls_loss": 0.0272988174110651, "x/lr0": 0.0010088797220727775, "x/lr1": 0.0010088797220727775, "x/lr2": 0.0010088797220727775, "_timestamp": 1651762956, "_runtime": 11127, "_step": 100, "BoundingBoxDebugger": {"_type": "images/separated", "width": 672, "height": 512, "format": "png", "count": 16, "filenames": ["media/images/BoundingBoxDebugger_99_9ca73313ed08b11f1c7a.png", "media/images/BoundingBoxDebugger_99_1a65121c0bc36d9590d0.png", "media/images/BoundingBoxDebugger_99_d41bd0523542c8b46e1a.png", "media/images/BoundingBoxDebugger_99_c284ee01dd876e421ea4.png", "media/images/BoundingBoxDebugger_99_28101c44ed3348006894.png", "media/images/BoundingBoxDebugger_99_bc789803f2afb0b4f41e.png", "media/images/BoundingBoxDebugger_99_a1e0eee359755358bdd6.png", "media/images/BoundingBoxDebugger_99_10551f89972ae31def23.png", "media/images/BoundingBoxDebugger_99_f037ac709bb23b19fe76.png", "media/images/BoundingBoxDebugger_99_92e162413c6f1a946448.png", "media/images/BoundingBoxDebugger_99_b02cc0619e1cd9c2ecaa.png", "media/images/BoundingBoxDebugger_99_e1d00eea0a96d0953ec9.png", "media/images/BoundingBoxDebugger_99_a784509a1715e1a5c5c0.png", "media/images/BoundingBoxDebugger_99_6cb5a6b47c4f6664d6b2.png", "media/images/BoundingBoxDebugger_99_9ce2b237b1d64a2cdaa6.png", "media/images/BoundingBoxDebugger_99_e0a57548b3c6f4afc48c.png"], "captions": ["Unknown-X-20191231-081140-XYHK+V5PZZ-3.JPG", "Unknown-X-20200115-113036-XJHKQPXFXRHL-3.JPG", "Unknown-X-20200212-092135-XYWHNM2CPCKQ-3.JPG", "Unknown-X-20200206-101010-XGRJ66+N4ZRQ-3.JPG", "Unknown-X-20200212-114026-XK0G00VVV8FS-3.JPG", "Unknown-X-20200204-102126-XQLPPYTT0AD8-3.JPG", "Unknown-X-20200121-094246-XMG8BDFS7LK-3.JPG", "Unknown-X-20200226-092413-XOYPNGAY1FML-3.JPG", "Unknown-X-20200304-140905-X8CAKINBKWZR-3.JPG", "Unknown-X-20200224-100604-XBIDS3RSC2W-3.JPG", "Unknown-X-20200116-104151-XURV0XY7CLOU-3.JPG", "Unknown-X-20200303-155148-X+L5H7PDV+GJ-3.JPG", "Unknown-X-20200220-104453-XDTB7YHD9QJN-3.JPG", "Unknown-X-20200218-092542-XTXQCJRZ0NNF-3.JPG", "Unknown-X-20191114-081705-XVWBXTLDI+U5-3.JPG", "Unknown-X-20200228-122237-X9ZEEPG46CXF-3.JPG"], "all_boxes": [{"predictions": {"_type": "boxes2D", "path": "media/metadata/boxes2D/BoundingBoxDebugger_99_b96df3fd9654f80dbf7f.boxes2D.json", "sha256": "b96df3fd9654f80dbf7f69600703254e0cc03eadf7f8bfc63ec231b5aff5173d", "size": 87768}}, {"predictions": {"_type": "boxes2D", "path": "media/metadata/boxes2D/BoundingBoxDebugger_99_b6ce872d9a17a9ac4ae2.boxes2D.json", "sha256": "b6ce872d9a17a9ac4ae2e8883efe5d11b28859e21a4fc82010126d3c0e274c34", "size": 77383}}, {"predictions": {"_type": "boxes2D", "path": "media/metadata/boxes2D/BoundingBoxDebugger_99_d2cca63049e7d597247f.boxes2D.json", "sha256": "d2cca63049e7d597247f71744e0aed79b3378094fe0f992e6d85abbdbe660397", "size": 92605}}, {"predictions": {"_type": "boxes2D", "path": "media/metadata/boxes2D/BoundingBoxDebugger_99_679b7503bb72f26d4402.boxes2D.json", "sha256": "679b7503bb72f26d44020c43554097e90831b1012c8a71b058c8f42d1c342a7d", "size": 79326}}, {"predictions": {"_type": "boxes2D", "path": "media/metadata/boxes2D/BoundingBoxDebugger_99_3c471404e59c231ceec5.boxes2D.json", "sha256": "3c471404e59c231ceec5940e59e3fffd55570fbc378c59c1ab9af7dac473c887", "size": 67575}}, {"predictions": {"_type": "boxes2D", "path": "media/metadata/boxes2D/BoundingBoxDebugger_99_5af872dd32227cfd16de.boxes2D.json", "sha256": "5af872dd32227cfd16de3fd3e0d211345b91299a3e64d770578a0136a0e78413", "size": 89817}}, {"predictions": {"_type": "boxes2D", "path": "media/metadata/boxes2D/BoundingBoxDebugger_99_f623f76c9272d95b2835.boxes2D.json", "sha256": "f623f76c9272d95b283503bee72be4da81750d49fe37606f31ab45a4f7bb8998", "size": 88073}}, {"predictions": {"_type": "boxes2D", "path": "media/metadata/boxes2D/BoundingBoxDebugger_99_480d5e38beab0ee635b7.boxes2D.json", "sha256": "480d5e38beab0ee635b7b3db93d6789d1bbf4d5bae27ac1827cf0d5ecfde4db1", "size": 84569}}, {"predictions": {"_type": "boxes2D", "path": "media/metadata/boxes2D/BoundingBoxDebugger_99_35c9be01a40a6530d500.boxes2D.json", "sha256": "35c9be01a40a6530d500567cb5d53a22235e5da00fc52989237bb06d18898ef6", "size": 61084}}, {"predictions": {"_type": "boxes2D", "path": "media/metadata/boxes2D/BoundingBoxDebugger_99_9dde99d7f8cdebd4307f.boxes2D.json", "sha256": "9dde99d7f8cdebd4307f113038e4ff3962e24d98796d6e0c3ade0c231d3cdc85", "size": 81007}}, {"predictions": {"_type": "boxes2D", "path": "media/metadata/boxes2D/BoundingBoxDebugger_99_9ba3e295d7590574d108.boxes2D.json", "sha256": "9ba3e295d7590574d10820986f005a1eb6fb8e510ac1266d19875ce412fef45a", "size": 83159}}, {"predictions": {"_type": "boxes2D", "path": "media/metadata/boxes2D/BoundingBoxDebugger_99_f8c6669e9be564cbb7d7.boxes2D.json", "sha256": "f8c6669e9be564cbb7d77b1b5d39b4f411ebaba5739be2d052f5cd42f4a3b062", "size": 68707}}, {"predictions": {"_type": "boxes2D", "path": "media/metadata/boxes2D/BoundingBoxDebugger_99_8166f9b33b259bc661db.boxes2D.json", "sha256": "8166f9b33b259bc661db05788908d1a134887a7bf23b1d9b5f8fdd1df78b018f", "size": 93409}}, {"predictions": {"_type": "boxes2D", "path": "media/metadata/boxes2D/BoundingBoxDebugger_99_58b85cfc42e88f9eebf2.boxes2D.json", "sha256": "58b85cfc42e88f9eebf2f1fdc2c8d4e29f54fbeea15ee52ef12830d1eb48b73a", "size": 75574}}, {"predictions": {"_type": "boxes2D", "path": "media/metadata/boxes2D/BoundingBoxDebugger_99_67e99663bb5623ce22cf.boxes2D.json", "sha256": "67e99663bb5623ce22cff125b6a78080a554d0b31ea1688266aafe9f9df20405", "size": 72699}}, {"predictions": {"_type": "boxes2D", "path": "media/metadata/boxes2D/BoundingBoxDebugger_99_ca40e16da4c8234ded92.boxes2D.json", "sha256": "ca40e16da4c8234ded921fc5dff4f81d1f80c4202705a3ed061c919bff032ad6", "size": 68359}}]}, "Validation": {"_type": "images/separated", "width": 1920, "height": 1464, "format": "jpg", "count": 6, "filenames": ["media/images/Validation_100_a7f0e5042f250194ec46.jpg", "media/images/Validation_100_51d2d59878a68b2175df.jpg", "media/images/Validation_100_879c158865f9aa193f8a.jpg", "media/images/Validation_100_9bfada415ec651a5ae11.jpg", "media/images/Validation_100_0cfa92ac52f6a2ba361f.jpg", "media/images/Validation_100_47aac29fafa449da4236.jpg"], "captions": ["val_batch0_labels.jpg", "val_batch0_pred.jpg", "val_batch1_labels.jpg", "val_batch1_pred.jpg", "val_batch2_labels.jpg", "val_batch2_pred.jpg"]}, "Results": {"_type": "images/separated", "width": 2400, "height": 1200, "format": "png", "count": 6, "filenames": ["media/images/Results_100_31bb9ae2005bd0e0468f.png", "media/images/Results_100_3ae6e8fa9a404bf10a5b.png", "media/images/Results_100_ff1126abadc29e75b90c.png", "media/images/Results_100_bba0364f4cdf6f202cc7.png", "media/images/Results_100_9f2a55858bfb97ac79e3.png", "media/images/Results_100_a10e3d9516fb3d5b092e.png"], "captions": ["results.png", "confusion_matrix.png", "F1_curve.png", "PR_curve.png", "P_curve.png", "R_curve.png"]}, "_wandb": {"runtime": 11126}}