{"Labels": [], "train/box_loss": 0.0376320481300354, "train/obj_loss": 0.09702172875404358, "train/cls_loss": 0.00616429653018713, "metrics/precision": 0.0, "metrics/recall": 0.0, "metrics/mAP_0.5": 0.0, "metrics/mAP_0.5:0.95": 0.0, "val/box_loss": 0.10666483640670776, "val/obj_loss": 0.056949861347675323, "val/cls_loss": 0.027226561680436134, "x/lr0": 9.997779521645793e-06, "x/lr1": 9.997779521645793e-06, "x/lr2": 0.09990999777952166, "_timestamp": 1652197201, "_runtime": 3549, "_step": 1, "_wandb": {"runtime": 3765}}